20,-13,a9cP+QQBSQDHxyeAHH3BrqUqvpU=,XHCDk8O2E50g2ez3K3OmQPor+18=
20,-12,a9cP+QQBSQDHxyeAHH3BrqUqvpU=,XHCDk8O2E50g2ez3K3OmQPor+18=
19,-13,a9cP+QQBSQDHxyeAHH3BrqUqvpU=,pGF1xnvaZXH0xFzeKKX4wzIJURY=
19,-12,a9cP+QQBSQDHxyeAHH3BrqUqvpU=,pGF1xnvaZXH0xFzeKKX4wzIJURY=
20,-11,a9cP+QQBSQDHxyeAHH3BrqUqvpU=,XHCDk8O2E50g2ez3K3OmQPor+18=
20,-10,a9cP+QQBSQDHxyeAHH3BrqUqvpU=,2UOkcV/9/pz3mlCCJlIlicta1HM=
19,-10,a9cP+QQBSQDHxyeAHH3BrqUqvpU=,pGF1xnvaZXH0xFzeKKX4wzIJURY=
19,-11,a9cP+QQBSQDHxyeAHH3BrqUqvpU=,pGF1xnvaZXH0xFzeKKX4wzIJURY=
18,-13,a9cP+QQBSQDHxyeAHH3BrqUqvpU=,pGF1xnvaZXH0xFzeKKX4wzIJURY=
17,-12,a9cP+QQBSQDHxyeAHH3BrqUqvpU=,pGF1xnvaZXH0xFzeKKX4wzIJURY=
17,-13,a9cP+QQBSQDHxyeAHH3BrqUqvpU=,pGF1xnvaZXH0xFzeKKX4wzIJURY=
18,-11,a9cP+QQBSQDHxyeAHH3BrqUqvpU=,pGF1xnvaZXH0xFzeKKX4wzIJURY=
18,-12,a9cP+QQBSQDHxyeAHH3BrqUqvpU=,pGF1xnvaZXH0xFzeKKX4wzIJURY=
17,-11,a9cP+QQBSQDHxyeAHH3BrqUqvpU=,pGF1xnvaZXH0xFzeKKX4wzIJURY=
17,-10,a9cP+QQBSQDHxyeAHH3BrqUqvpU=,pGF1xnvaZXH0xFzeKKX4wzIJURY=
18,-10,a9cP+QQBSQDHxyeAHH3BrqUqvpU=,pGF1xnvaZXH0xFzeKKX4wzIJURY=
19,-9,a9cP+QQBSQDHxyeAHH3BrqUqvpU=,pGF1xnvaZXH0xFzeKKX4wzIJURY=
20,-9,a9cP+QQBSQDHxyeAHH3BrqUqvpU=,2UOkcV/9/pz3mlCCJlIlicta1HM=
20,-8,a9cP+QQBSQDHxyeAHH3BrqUqvpU=,2UOkcV/9/pz3mlCCJlIlicta1HM=
18,-9,a9cP+QQBSQDHxyeAHH3BrqUqvpU=,pGF1xnvaZXH0xFzeKKX4wzIJURY=
19,-8,a9cP+QQBSQDHxyeAHH3BrqUqvpU=,DM3P1oUgN0idmn7o5Ji5ItOQnRo=
18,-8,a9cP+QQBSQDHxyeAHH3BrqUqvpU=,DM3P1oUgN0idmn7o5Ji5ItOQnRo=
17,-8,0B5vDSL3txZZBJLCDiDra6o35s0=,GxQE9dr2I+DQLE0es0ODGY2HNSY=
20,-7,0B5vDSL3txZZBJLCDiDra6o35s0=,2UOkcV/9/pz3mlCCJlIlicta1HM=
17,-9,0B5vDSL3txZZBJLCDiDra6o35s0=,pGF1xnvaZXH0xFzeKKX4wzIJURY=
20,-6,0B5vDSL3txZZBJLCDiDra6o35s0=,2UOkcV/9/pz3mlCCJlIlicta1HM=
17,-7,0B5vDSL3txZZBJLCDiDra6o35s0=,GxQE9dr2I+DQLE0es0ODGY2HNSY=
18,-7,0B5vDSL3txZZBJLCDiDra6o35s0=,DM3P1oUgN0idmn7o5Ji5ItOQnRo=
19,-7,0B5vDSL3txZZBJLCDiDra6o35s0=,DM3P1oUgN0idmn7o5Ji5ItOQnRo=
18,-6,0B5vDSL3txZZBJLCDiDra6o35s0=,VA65TouIjfedTPRH2/UalAnz+Y4=
20,-2,0B5vDSL3txZZBJLCDiDra6o35s0=,XHCDk8O2E50g2ez3K3OmQPor+18=
19,-6,0B5vDSL3txZZBJLCDiDra6o35s0=,VA65TouIjfedTPRH2/UalAnz+Y4=
17,-6,0B5vDSL3txZZBJLCDiDra6o35s0=,GxQE9dr2I+DQLE0es0ODGY2HNSY=
19,-2,0B5vDSL3txZZBJLCDiDra6o35s0=,g3jJcC82zYl4xd3D5/1uUrlVWXY=
21,-2,0B5vDSL3txZZBJLCDiDra6o35s0=,XHCDk8O2E50g2ez3K3OmQPor+18=
20,-3,0B5vDSL3txZZBJLCDiDra6o35s0=,2UOkcV/9/pz3mlCCJlIlicta1HM=
20,-5,0B5vDSL3txZZBJLCDiDra6o35s0=,2UOkcV/9/pz3mlCCJlIlicta1HM=
19,-3,0B5vDSL3txZZBJLCDiDra6o35s0=,AAeoh3hDnoJ3VQcYzL0pKhLqhcQ=
20,-4,0B5vDSL3txZZBJLCDiDra6o35s0=,2UOkcV/9/pz3mlCCJlIlicta1HM=
22,-2,0B5vDSL3txZZBJLCDiDra6o35s0=,XHCDk8O2E50g2ez3K3OmQPor+18=
21,-3,0B5vDSL3txZZBJLCDiDra6o35s0=,2UOkcV/9/pz3mlCCJlIlicta1HM=
19,-5,0B5vDSL3txZZBJLCDiDra6o35s0=,VA65TouIjfedTPRH2/UalAnz+Y4=
22,-3,0B5vDSL3txZZBJLCDiDra6o35s0=,yM9eko2K3yXcAA5vARZypOjjnIA=
19,-4,0B5vDSL3txZZBJLCDiDra6o35s0=,AAeoh3hDnoJ3VQcYzL0pKhLqhcQ=
21,-5,0B5vDSL3txZZBJLCDiDra6o35s0=,2UOkcV/9/pz3mlCCJlIlicta1HM=
22,-4,0B5vDSL3txZZBJLCDiDra6o35s0=,yM9eko2K3yXcAA5vARZypOjjnIA=
21,-4,0B5vDSL3txZZBJLCDiDra6o35s0=,2UOkcV/9/pz3mlCCJlIlicta1HM=
22,-5,0B5vDSL3txZZBJLCDiDra6o35s0=,2UOkcV/9/pz3mlCCJlIlicta1HM=
21,-9,0B5vDSL3txZZBJLCDiDra6o35s0=,2UOkcV/9/pz3mlCCJlIlicta1HM=
22,-6,0B5vDSL3txZZBJLCDiDra6o35s0=,2UOkcV/9/pz3mlCCJlIlicta1HM=
21,-7,0B5vDSL3txZZBJLCDiDra6o35s0=,2UOkcV/9/pz3mlCCJlIlicta1HM=
21,-6,0B5vDSL3txZZBJLCDiDra6o35s0=,2UOkcV/9/pz3mlCCJlIlicta1HM=
22,-9,0B5vDSL3txZZBJLCDiDra6o35s0=,2UOkcV/9/pz3mlCCJlIlicta1HM=
21,-8,0B5vDSL3txZZBJLCDiDra6o35s0=,2UOkcV/9/pz3mlCCJlIlicta1HM=
22,-8,0B5vDSL3txZZBJLCDiDra6o35s0=,2UOkcV/9/pz3mlCCJlIlicta1HM=
22,-7,0B5vDSL3txZZBJLCDiDra6o35s0=,2UOkcV/9/pz3mlCCJlIlicta1HM=
24,-5,HZ7ni1UZQTbYyp0EoLN8GBJSBJw=,2UOkcV/9/pz3mlCCJlIlicta1HM=
24,-4,HZ7ni1UZQTbYyp0EoLN8GBJSBJw=,2UOkcV/9/pz3mlCCJlIlicta1HM=
23,-5,HZ7ni1UZQTbYyp0EoLN8GBJSBJw=,2UOkcV/9/pz3mlCCJlIlicta1HM=
23,-4,HZ7ni1UZQTbYyp0EoLN8GBJSBJw=,yM9eko2K3yXcAA5vARZypOjjnIA=
23,-6,HZ7ni1UZQTbYyp0EoLN8GBJSBJw=,2UOkcV/9/pz3mlCCJlIlicta1HM=
24,-9,HZ7ni1UZQTbYyp0EoLN8GBJSBJw=,2UOkcV/9/pz3mlCCJlIlicta1HM=
23,-3,HZ7ni1UZQTbYyp0EoLN8GBJSBJw=,yM9eko2K3yXcAA5vARZypOjjnIA=
24,-2,ZjJzmS/k5AmM6G8pIxJq/mUoSsw=,XHCDk8O2E50g2ez3K3OmQPor+18=
23,-2,ZjJzmS/k5AmM6G8pIxJq/mUoSsw=,XHCDk8O2E50g2ez3K3OmQPor+18=
26,-4,ZjJzmS/k5AmM6G8pIxJq/mUoSsw=,2UOkcV/9/pz3mlCCJlIlicta1HM=
24,-3,ZjJzmS/k5AmM6G8pIxJq/mUoSsw=,2UOkcV/9/pz3mlCCJlIlicta1HM=
25,-4,ZjJzmS/k5AmM6G8pIxJq/mUoSsw=,2UOkcV/9/pz3mlCCJlIlicta1HM=
24,-6,ZjJzmS/k5AmM6G8pIxJq/mUoSsw=,2UOkcV/9/pz3mlCCJlIlicta1HM=
26,-7,ZjJzmS/k5AmM6G8pIxJq/mUoSsw=,2UOkcV/9/pz3mlCCJlIlicta1HM=
25,-5,ZjJzmS/k5AmM6G8pIxJq/mUoSsw=,2UOkcV/9/pz3mlCCJlIlicta1HM=
23,-9,ZjJzmS/k5AmM6G8pIxJq/mUoSsw=,2UOkcV/9/pz3mlCCJlIlicta1HM=
25,-6,ZjJzmS/k5AmM6G8pIxJq/mUoSsw=,2UOkcV/9/pz3mlCCJlIlicta1HM=
25,-7,ZjJzmS/k5AmM6G8pIxJq/mUoSsw=,2UOkcV/9/pz3mlCCJlIlicta1HM=
26,-6,ZjJzmS/k5AmM6G8pIxJq/mUoSsw=,2UOkcV/9/pz3mlCCJlIlicta1HM=
26,-5,ZjJzmS/k5AmM6G8pIxJq/mUoSsw=,2UOkcV/9/pz3mlCCJlIlicta1HM=
23,-7,ZjJzmS/k5AmM6G8pIxJq/mUoSsw=,2UOkcV/9/pz3mlCCJlIlicta1HM=
24,-8,ZjJzmS/k5AmM6G8pIxJq/mUoSsw=,2UOkcV/9/pz3mlCCJlIlicta1HM=
24,-7,ZjJzmS/k5AmM6G8pIxJq/mUoSsw=,2UOkcV/9/pz3mlCCJlIlicta1HM=
23,-8,ZjJzmS/k5AmM6G8pIxJq/mUoSsw=,2UOkcV/9/pz3mlCCJlIlicta1HM=
27,-6,ZjJzmS/k5AmM6G8pIxJq/mUoSsw=,2UOkcV/9/pz3mlCCJlIlicta1HM=
28,-7,ZjJzmS/k5AmM6G8pIxJq/mUoSsw=,2UOkcV/9/pz3mlCCJlIlicta1HM=
27,-7,ZjJzmS/k5AmM6G8pIxJq/mUoSsw=,2UOkcV/9/pz3mlCCJlIlicta1HM=
28,-6,ZjJzmS/k5AmM6G8pIxJq/mUoSsw=,2UOkcV/9/pz3mlCCJlIlicta1HM=
27,-4,ZjJzmS/k5AmM6G8pIxJq/mUoSsw=,2UOkcV/9/pz3mlCCJlIlicta1HM=
28,-5,ZjJzmS/k5AmM6G8pIxJq/mUoSsw=,2UOkcV/9/pz3mlCCJlIlicta1HM=
28,-4,ZjJzmS/k5AmM6G8pIxJq/mUoSsw=,2UOkcV/9/pz3mlCCJlIlicta1HM=
27,-5,ZjJzmS/k5AmM6G8pIxJq/mUoSsw=,2UOkcV/9/pz3mlCCJlIlicta1HM=
30,-4,ZjJzmS/k5AmM6G8pIxJq/mUoSsw=,2UOkcV/9/pz3mlCCJlIlicta1HM=
29,-4,ZjJzmS/k5AmM6G8pIxJq/mUoSsw=,2UOkcV/9/pz3mlCCJlIlicta1HM=
29,-7,ZjJzmS/k5AmM6G8pIxJq/mUoSsw=,2UOkcV/9/pz3mlCCJlIlicta1HM=
30,-6,ZjJzmS/k5AmM6G8pIxJq/mUoSsw=,2UOkcV/9/pz3mlCCJlIlicta1HM=
29,-6,ZjJzmS/k5AmM6G8pIxJq/mUoSsw=,2UOkcV/9/pz3mlCCJlIlicta1HM=
29,-5,ZjJzmS/k5AmM6G8pIxJq/mUoSsw=,2UOkcV/9/pz3mlCCJlIlicta1HM=
30,-5,ZjJzmS/k5AmM6G8pIxJq/mUoSsw=,2UOkcV/9/pz3mlCCJlIlicta1HM=
24,-1,ZjJzmS/k5AmM6G8pIxJq/mUoSsw=,XHCDk8O2E50g2ez3K3OmQPor+18=
23,-1,ZjJzmS/k5AmM6G8pIxJq/mUoSsw=,XHCDk8O2E50g2ez3K3OmQPor+18=
25,-3,ZjJzmS/k5AmM6G8pIxJq/mUoSsw=,2UOkcV/9/pz3mlCCJlIlicta1HM=
30,-2,ZjJzmS/k5AmM6G8pIxJq/mUoSsw=,2UOkcV/9/pz3mlCCJlIlicta1HM=
31,-2,ateZDB2E9+R1GUgVJ0TGfNXLsoo=,2UOkcV/9/pz3mlCCJlIlicta1HM=
30,-1,ateZDB2E9+R1GUgVJ0TGfNXLsoo=,2UOkcV/9/pz3mlCCJlIlicta1HM=
28,-3,ateZDB2E9+R1GUgVJ0TGfNXLsoo=,2UOkcV/9/pz3mlCCJlIlicta1HM=
26,-3,ateZDB2E9+R1GUgVJ0TGfNXLsoo=,2UOkcV/9/pz3mlCCJlIlicta1HM=
30,-3,ateZDB2E9+R1GUgVJ0TGfNXLsoo=,2UOkcV/9/pz3mlCCJlIlicta1HM=
31,-5,ateZDB2E9+R1GUgVJ0TGfNXLsoo=,2UOkcV/9/pz3mlCCJlIlicta1HM=
28,-2,ateZDB2E9+R1GUgVJ0TGfNXLsoo=,2UOkcV/9/pz3mlCCJlIlicta1HM=
29,-3,ateZDB2E9+R1GUgVJ0TGfNXLsoo=,2UOkcV/9/pz3mlCCJlIlicta1HM=
29,-1,ateZDB2E9+R1GUgVJ0TGfNXLsoo=,2UOkcV/9/pz3mlCCJlIlicta1HM=
29,-2,ateZDB2E9+R1GUgVJ0TGfNXLsoo=,2UOkcV/9/pz3mlCCJlIlicta1HM=
25,-2,ateZDB2E9+R1GUgVJ0TGfNXLsoo=,XHCDk8O2E50g2ez3K3OmQPor+18=
28,-1,ateZDB2E9+R1GUgVJ0TGfNXLsoo=,2UOkcV/9/pz3mlCCJlIlicta1HM=
26,-2,ateZDB2E9+R1GUgVJ0TGfNXLsoo=,2UOkcV/9/pz3mlCCJlIlicta1HM=
27,-3,ateZDB2E9+R1GUgVJ0TGfNXLsoo=,2UOkcV/9/pz3mlCCJlIlicta1HM=
27,-1,ateZDB2E9+R1GUgVJ0TGfNXLsoo=,2UOkcV/9/pz3mlCCJlIlicta1HM=
27,-2,ateZDB2E9+R1GUgVJ0TGfNXLsoo=,2UOkcV/9/pz3mlCCJlIlicta1HM=
31,-3,ateZDB2E9+R1GUgVJ0TGfNXLsoo=,2UOkcV/9/pz3mlCCJlIlicta1HM=
31,-4,ateZDB2E9+R1GUgVJ0TGfNXLsoo=,2UOkcV/9/pz3mlCCJlIlicta1HM=
25,-1,ateZDB2E9+R1GUgVJ0TGfNXLsoo=,XHCDk8O2E50g2ez3K3OmQPor+18=
26,-1,ateZDB2E9+R1GUgVJ0TGfNXLsoo=,2UOkcV/9/pz3mlCCJlIlicta1HM=
16,-11,ateZDB2E9+R1GUgVJ0TGfNXLsoo=,pGF1xnvaZXH0xFzeKKX4wzIJURY=
16,-10,ateZDB2E9+R1GUgVJ0TGfNXLsoo=,pGF1xnvaZXH0xFzeKKX4wzIJURY=
16,-7,ateZDB2E9+R1GUgVJ0TGfNXLsoo=,GxQE9dr2I+DQLE0es0ODGY2HNSY=
16,-8,ateZDB2E9+R1GUgVJ0TGfNXLsoo=,GxQE9dr2I+DQLE0es0ODGY2HNSY=
16,-9,ateZDB2E9+R1GUgVJ0TGfNXLsoo=,pGF1xnvaZXH0xFzeKKX4wzIJURY=
16,-6,ateZDB2E9+R1GUgVJ0TGfNXLsoo=,GxQE9dr2I+DQLE0es0ODGY2HNSY=
22,-1,GlKI/nPArFhDmT3qgqUf3tVpo0Y=,XHCDk8O2E50g2ez3K3OmQPor+18=
19,-1,GlKI/nPArFhDmT3qgqUf3tVpo0Y=,g3jJcC82zYl4xd3D5/1uUrlVWXY=
21,-1,GlKI/nPArFhDmT3qgqUf3tVpo0Y=,XHCDk8O2E50g2ez3K3OmQPor+18=
20,-1,GlKI/nPArFhDmT3qgqUf3tVpo0Y=,XHCDk8O2E50g2ez3K3OmQPor+18=
16,-5,GlKI/nPArFhDmT3qgqUf3tVpo0Y=,GxQE9dr2I+DQLE0es0ODGY2HNSY=
18,-4,GlKI/nPArFhDmT3qgqUf3tVpo0Y=,AAeoh3hDnoJ3VQcYzL0pKhLqhcQ=
16,-4,GlKI/nPArFhDmT3qgqUf3tVpo0Y=,AAeoh3hDnoJ3VQcYzL0pKhLqhcQ=
17,-4,GlKI/nPArFhDmT3qgqUf3tVpo0Y=,AAeoh3hDnoJ3VQcYzL0pKhLqhcQ=
17,-3,GlKI/nPArFhDmT3qgqUf3tVpo0Y=,AAeoh3hDnoJ3VQcYzL0pKhLqhcQ=
18,-5,GlKI/nPArFhDmT3qgqUf3tVpo0Y=,VA65TouIjfedTPRH2/UalAnz+Y4=
17,-5,GlKI/nPArFhDmT3qgqUf3tVpo0Y=,GxQE9dr2I+DQLE0es0ODGY2HNSY=
18,-3,GlKI/nPArFhDmT3qgqUf3tVpo0Y=,AAeoh3hDnoJ3VQcYzL0pKhLqhcQ=
18,-2,GlKI/nPArFhDmT3qgqUf3tVpo0Y=,g3jJcC82zYl4xd3D5/1uUrlVWXY=
18,-1,GlKI/nPArFhDmT3qgqUf3tVpo0Y=,g3jJcC82zYl4xd3D5/1uUrlVWXY=
17,-2,GlKI/nPArFhDmT3qgqUf3tVpo0Y=,99Y0Ix9Dt3W87bOt4Cs+VbSio1M=
17,-1,GlKI/nPArFhDmT3qgqUf3tVpo0Y=,99Y0Ix9Dt3W87bOt4Cs+VbSio1M=
16,-3,GlKI/nPArFhDmT3qgqUf3tVpo0Y=,AAeoh3hDnoJ3VQcYzL0pKhLqhcQ=
16,-2,GlKI/nPArFhDmT3qgqUf3tVpo0Y=,99Y0Ix9Dt3W87bOt4Cs+VbSio1M=
20,-15,GlKI/nPArFhDmT3qgqUf3tVpo0Y=,XHCDk8O2E50g2ez3K3OmQPor+18=
18,-14,GlKI/nPArFhDmT3qgqUf3tVpo0Y=,pGF1xnvaZXH0xFzeKKX4wzIJURY=
16,-1,GlKI/nPArFhDmT3qgqUf3tVpo0Y=,99Y0Ix9Dt3W87bOt4Cs+VbSio1M=
19,-15,GlKI/nPArFhDmT3qgqUf3tVpo0Y=,aX5iBjHUGBLXDXEndKT98nBvIY0=
20,-14,GlKI/nPArFhDmT3qgqUf3tVpo0Y=,XHCDk8O2E50g2ez3K3OmQPor+18=
17,-14,GlKI/nPArFhDmT3qgqUf3tVpo0Y=,pGF1xnvaZXH0xFzeKKX4wzIJURY=
19,-14,GlKI/nPArFhDmT3qgqUf3tVpo0Y=,pGF1xnvaZXH0xFzeKKX4wzIJURY=
18,-15,GlKI/nPArFhDmT3qgqUf3tVpo0Y=,aX5iBjHUGBLXDXEndKT98nBvIY0=
17,-15,GlKI/nPArFhDmT3qgqUf3tVpo0Y=,pGF1xnvaZXH0xFzeKKX4wzIJURY=
21,-15,GlKI/nPArFhDmT3qgqUf3tVpo0Y=,XHCDk8O2E50g2ez3K3OmQPor+18=
21,-14,GlKI/nPArFhDmT3qgqUf3tVpo0Y=,XHCDk8O2E50g2ez3K3OmQPor+18=
21,-11,GlKI/nPArFhDmT3qgqUf3tVpo0Y=,XHCDk8O2E50g2ez3K3OmQPor+18=
21,-10,GlKI/nPArFhDmT3qgqUf3tVpo0Y=,2UOkcV/9/pz3mlCCJlIlicta1HM=
21,-13,GlKI/nPArFhDmT3qgqUf3tVpo0Y=,XHCDk8O2E50g2ez3K3OmQPor+18=
21,-12,GlKI/nPArFhDmT3qgqUf3tVpo0Y=,XHCDk8O2E50g2ez3K3OmQPor+18=
22,-10,GlKI/nPArFhDmT3qgqUf3tVpo0Y=,2UOkcV/9/pz3mlCCJlIlicta1HM=
21,-16,GlKI/nPArFhDmT3qgqUf3tVpo0Y=,XHCDk8O2E50g2ez3K3OmQPor+18=
25,-9,GlKI/nPArFhDmT3qgqUf3tVpo0Y=,2UOkcV/9/pz3mlCCJlIlicta1HM=
26,-8,GlKI/nPArFhDmT3qgqUf3tVpo0Y=,2UOkcV/9/pz3mlCCJlIlicta1HM=
24,-10,GlKI/nPArFhDmT3qgqUf3tVpo0Y=,2UOkcV/9/pz3mlCCJlIlicta1HM=
25,-8,GlKI/nPArFhDmT3qgqUf3tVpo0Y=,2UOkcV/9/pz3mlCCJlIlicta1HM=
31,-6,GlKI/nPArFhDmT3qgqUf3tVpo0Y=,2UOkcV/9/pz3mlCCJlIlicta1HM=
25,-10,GlKI/nPArFhDmT3qgqUf3tVpo0Y=,2UOkcV/9/pz3mlCCJlIlicta1HM=
28,-8,GlKI/nPArFhDmT3qgqUf3tVpo0Y=,2UOkcV/9/pz3mlCCJlIlicta1HM=
27,-8,GlKI/nPArFhDmT3qgqUf3tVpo0Y=,2UOkcV/9/pz3mlCCJlIlicta1HM=
29,-8,GlKI/nPArFhDmT3qgqUf3tVpo0Y=,2UOkcV/9/pz3mlCCJlIlicta1HM=
23,-10,GlKI/nPArFhDmT3qgqUf3tVpo0Y=,2UOkcV/9/pz3mlCCJlIlicta1HM=
20,-16,GlKI/nPArFhDmT3qgqUf3tVpo0Y=,XHCDk8O2E50g2ez3K3OmQPor+18=
31,-1,GlKI/nPArFhDmT3qgqUf3tVpo0Y=,2UOkcV/9/pz3mlCCJlIlicta1HM=
19,-16,GlKI/nPArFhDmT3qgqUf3tVpo0Y=,aX5iBjHUGBLXDXEndKT98nBvIY0=
16,-16,GlKI/nPArFhDmT3qgqUf3tVpo0Y=,pGF1xnvaZXH0xFzeKKX4wzIJURY=
17,-16,GlKI/nPArFhDmT3qgqUf3tVpo0Y=,pGF1xnvaZXH0xFzeKKX4wzIJURY=
18,-16,GlKI/nPArFhDmT3qgqUf3tVpo0Y=,aX5iBjHUGBLXDXEndKT98nBvIY0=
16,-15,GlKI/nPArFhDmT3qgqUf3tVpo0Y=,pGF1xnvaZXH0xFzeKKX4wzIJURY=
16,-12,GlKI/nPArFhDmT3qgqUf3tVpo0Y=,pGF1xnvaZXH0xFzeKKX4wzIJURY=
16,-13,GlKI/nPArFhDmT3qgqUf3tVpo0Y=,pGF1xnvaZXH0xFzeKKX4wzIJURY=
16,-14,GlKI/nPArFhDmT3qgqUf3tVpo0Y=,pGF1xnvaZXH0xFzeKKX4wzIJURY=
19,-19,b0vOdH5TrZrHdXn0eJhm+Da9D2w=,pGF1xnvaZXH0xFzeKKX4wzIJURY=
20,-18,b0vOdH5TrZrHdXn0eJhm+Da9D2w=,XHCDk8O2E50g2ez3K3OmQPor+18=
19,-18,b0vOdH5TrZrHdXn0eJhm+Da9D2w=,aX5iBjHUGBLXDXEndKT98nBvIY0=
18,-20,b0vOdH5TrZrHdXn0eJhm+Da9D2w=,pGF1xnvaZXH0xFzeKKX4wzIJURY=
17,-20,b0vOdH5TrZrHdXn0eJhm+Da9D2w=,pGF1xnvaZXH0xFzeKKX4wzIJURY=
17,-21,b0vOdH5TrZrHdXn0eJhm+Da9D2w=,pGF1xnvaZXH0xFzeKKX4wzIJURY=
18,-19,b0vOdH5TrZrHdXn0eJhm+Da9D2w=,pGF1xnvaZXH0xFzeKKX4wzIJURY=
17,-19,b0vOdH5TrZrHdXn0eJhm+Da9D2w=,pGF1xnvaZXH0xFzeKKX4wzIJURY=
18,-18,b0vOdH5TrZrHdXn0eJhm+Da9D2w=,aX5iBjHUGBLXDXEndKT98nBvIY0=
20,-17,b0vOdH5TrZrHdXn0eJhm+Da9D2w=,XHCDk8O2E50g2ez3K3OmQPor+18=
17,-22,b0vOdH5TrZrHdXn0eJhm+Da9D2w=,pGF1xnvaZXH0xFzeKKX4wzIJURY=
19,-20,b0vOdH5TrZrHdXn0eJhm+Da9D2w=,pGF1xnvaZXH0xFzeKKX4wzIJURY=
16,-22,b0vOdH5TrZrHdXn0eJhm+Da9D2w=,pGF1xnvaZXH0xFzeKKX4wzIJURY=
21,-18,b0vOdH5TrZrHdXn0eJhm+Da9D2w=,XHCDk8O2E50g2ez3K3OmQPor+18=
21,-17,b0vOdH5TrZrHdXn0eJhm+Da9D2w=,XHCDk8O2E50g2ez3K3OmQPor+18=
19,-17,b0vOdH5TrZrHdXn0eJhm+Da9D2w=,aX5iBjHUGBLXDXEndKT98nBvIY0=
18,-17,b0vOdH5TrZrHdXn0eJhm+Da9D2w=,aX5iBjHUGBLXDXEndKT98nBvIY0=
17,-18,b0vOdH5TrZrHdXn0eJhm+Da9D2w=,pGF1xnvaZXH0xFzeKKX4wzIJURY=
16,-21,b0vOdH5TrZrHdXn0eJhm+Da9D2w=,pGF1xnvaZXH0xFzeKKX4wzIJURY=
16,-18,b0vOdH5TrZrHdXn0eJhm+Da9D2w=,pGF1xnvaZXH0xFzeKKX4wzIJURY=
16,-20,b0vOdH5TrZrHdXn0eJhm+Da9D2w=,pGF1xnvaZXH0xFzeKKX4wzIJURY=
17,-17,b0vOdH5TrZrHdXn0eJhm+Da9D2w=,pGF1xnvaZXH0xFzeKKX4wzIJURY=
16,-17,b0vOdH5TrZrHdXn0eJhm+Da9D2w=,pGF1xnvaZXH0xFzeKKX4wzIJURY=
16,-19,b0vOdH5TrZrHdXn0eJhm+Da9D2w=,pGF1xnvaZXH0xFzeKKX4wzIJURY=
1,-17,b0vOdH5TrZrHdXn0eJhm+Da9D2w=,izyzX2tuGJ/mOnxDXr4nm/whcus=
0,-18,b0vOdH5TrZrHdXn0eJhm+Da9D2w=,izyzX2tuGJ/mOnxDXr4nm/whcus=
1,-18,b0vOdH5TrZrHdXn0eJhm+Da9D2w=,izyzX2tuGJ/mOnxDXr4nm/whcus=
0,-17,b0vOdH5TrZrHdXn0eJhm+Da9D2w=,izyzX2tuGJ/mOnxDXr4nm/whcus=
14,-21,b0vOdH5TrZrHdXn0eJhm+Da9D2w=,pGF1xnvaZXH0xFzeKKX4wzIJURY=
15,-22,b0vOdH5TrZrHdXn0eJhm+Da9D2w=,pGF1xnvaZXH0xFzeKKX4wzIJURY=
14,-22,b0vOdH5TrZrHdXn0eJhm+Da9D2w=,pGF1xnvaZXH0xFzeKKX4wzIJURY=
14,-20,b0vOdH5TrZrHdXn0eJhm+Da9D2w=,zLylSyFThTW0yEUPxLyp5nH/81U=
14,-19,b0vOdH5TrZrHdXn0eJhm+Da9D2w=,zLylSyFThTW0yEUPxLyp5nH/81U=
15,-21,b0vOdH5TrZrHdXn0eJhm+Da9D2w=,pGF1xnvaZXH0xFzeKKX4wzIJURY=
14,-18,b0vOdH5TrZrHdXn0eJhm+Da9D2w=,pGF1xnvaZXH0xFzeKKX4wzIJURY=
15,-20,b0vOdH5TrZrHdXn0eJhm+Da9D2w=,zLylSyFThTW0yEUPxLyp5nH/81U=
1,-31,b0vOdH5TrZrHdXn0eJhm+Da9D2w=,izyzX2tuGJ/mOnxDXr4nm/whcus=
15,-18,b0vOdH5TrZrHdXn0eJhm+Da9D2w=,pGF1xnvaZXH0xFzeKKX4wzIJURY=
14,-17,b0vOdH5TrZrHdXn0eJhm+Da9D2w=,pGF1xnvaZXH0xFzeKKX4wzIJURY=
0,-31,b0vOdH5TrZrHdXn0eJhm+Da9D2w=,izyzX2tuGJ/mOnxDXr4nm/whcus=
0,-32,b0vOdH5TrZrHdXn0eJhm+Da9D2w=,izyzX2tuGJ/mOnxDXr4nm/whcus=
1,-32,b0vOdH5TrZrHdXn0eJhm+Da9D2w=,izyzX2tuGJ/mOnxDXr4nm/whcus=
15,-17,b0vOdH5TrZrHdXn0eJhm+Da9D2w=,pGF1xnvaZXH0xFzeKKX4wzIJURY=
15,-19,b0vOdH5TrZrHdXn0eJhm+Da9D2w=,zLylSyFThTW0yEUPxLyp5nH/81U=
7,-3,b0vOdH5TrZrHdXn0eJhm+Da9D2w=,hJaqaJSQUnIxaRfMz3tUa2VhfyE=
8,-3,b0vOdH5TrZrHdXn0eJhm+Da9D2w=,2UOkcV/9/pz3mlCCJlIlicta1HM=
7,-2,b0vOdH5TrZrHdXn0eJhm+Da9D2w=,rSngKwQ6ifFLvRVAwSZpxLVpNb4=
8,-2,b0vOdH5TrZrHdXn0eJhm+Da9D2w=,WxE8Ln7csV7bpR0TgB+fabnAK54=
7,-4,4aKrd879teOCNL6cwMYaZDB80jQ=,hJaqaJSQUnIxaRfMz3tUa2VhfyE=
7,-5,4aKrd879teOCNL6cwMYaZDB80jQ=,YCdak/1n5pSmYzF306/vDsV0zDg=
8,-5,4aKrd879teOCNL6cwMYaZDB80jQ=,YCdak/1n5pSmYzF306/vDsV0zDg=
9,-5,4aKrd879teOCNL6cwMYaZDB80jQ=,YCdak/1n5pSmYzF306/vDsV0zDg=
8,-4,4aKrd879teOCNL6cwMYaZDB80jQ=,2UOkcV/9/pz3mlCCJlIlicta1HM=
10,-4,4aKrd879teOCNL6cwMYaZDB80jQ=,FBJBw0xOnglQ+4yTgv4ydSl1f3w=
10,-5,4aKrd879teOCNL6cwMYaZDB80jQ=,Xy+lAaBk39SVTDmmV+dyEx/7T+s=
9,-4,4aKrd879teOCNL6cwMYaZDB80jQ=,2UOkcV/9/pz3mlCCJlIlicta1HM=
11,-11,4aKrd879teOCNL6cwMYaZDB80jQ=,zLylSyFThTW0yEUPxLyp5nH/81U=
11,-10,4aKrd879teOCNL6cwMYaZDB80jQ=,zLylSyFThTW0yEUPxLyp5nH/81U=
12,-10,4aKrd879teOCNL6cwMYaZDB80jQ=,zLylSyFThTW0yEUPxLyp5nH/81U=
12,-11,4aKrd879teOCNL6cwMYaZDB80jQ=,zLylSyFThTW0yEUPxLyp5nH/81U=
12,-13,4aKrd879teOCNL6cwMYaZDB80jQ=,zLylSyFThTW0yEUPxLyp5nH/81U=
11,-13,4aKrd879teOCNL6cwMYaZDB80jQ=,zLylSyFThTW0yEUPxLyp5nH/81U=
11,-12,4aKrd879teOCNL6cwMYaZDB80jQ=,zLylSyFThTW0yEUPxLyp5nH/81U=
12,-12,4aKrd879teOCNL6cwMYaZDB80jQ=,zLylSyFThTW0yEUPxLyp5nH/81U=
8,-12,4aKrd879teOCNL6cwMYaZDB80jQ=,4dj+kJgvIVOXQGrnTcLtI+m3qtE=
7,-12,4aKrd879teOCNL6cwMYaZDB80jQ=,2UOkcV/9/pz3mlCCJlIlicta1HM=
9,-12,4aKrd879teOCNL6cwMYaZDB80jQ=,4dj+kJgvIVOXQGrnTcLtI+m3qtE=
10,-12,4aKrd879teOCNL6cwMYaZDB80jQ=,zLylSyFThTW0yEUPxLyp5nH/81U=
8,-13,4aKrd879teOCNL6cwMYaZDB80jQ=,zLylSyFThTW0yEUPxLyp5nH/81U=
9,-13,4aKrd879teOCNL6cwMYaZDB80jQ=,zLylSyFThTW0yEUPxLyp5nH/81U=
10,-13,U1qgzD3pUEpMC5qub9TQAHMwUY0=,zLylSyFThTW0yEUPxLyp5nH/81U=
7,-13,U1qgzD3pUEpMC5qub9TQAHMwUY0=,nhATK6LL1HsDXaaGsHUeKpvbWRU=
3,-12,U1qgzD3pUEpMC5qub9TQAHMwUY0=,XHCDk8O2E50g2ez3K3OmQPor+18=
3,-13,U1qgzD3pUEpMC5qub9TQAHMwUY0=,XHCDk8O2E50g2ez3K3OmQPor+18=
6,-12,U1qgzD3pUEpMC5qub9TQAHMwUY0=,2UOkcV/9/pz3mlCCJlIlicta1HM=
4,-13,U1qgzD3pUEpMC5qub9TQAHMwUY0=,nhATK6LL1HsDXaaGsHUeKpvbWRU=
4,-12,U1qgzD3pUEpMC5qub9TQAHMwUY0=,nhATK6LL1HsDXaaGsHUeKpvbWRU=
6,-13,U1qgzD3pUEpMC5qub9TQAHMwUY0=,nhATK6LL1HsDXaaGsHUeKpvbWRU=
3,-11,U1qgzD3pUEpMC5qub9TQAHMwUY0=,XHCDk8O2E50g2ez3K3OmQPor+18=
5,-12,U1qgzD3pUEpMC5qub9TQAHMwUY0=,nhATK6LL1HsDXaaGsHUeKpvbWRU=
5,-13,U1qgzD3pUEpMC5qub9TQAHMwUY0=,nhATK6LL1HsDXaaGsHUeKpvbWRU=
3,-10,U1qgzD3pUEpMC5qub9TQAHMwUY0=,izyzX2tuGJ/mOnxDXr4nm/whcus=
6,-11,U1qgzD3pUEpMC5qub9TQAHMwUY0=,2UOkcV/9/pz3mlCCJlIlicta1HM=
4,-10,U1qgzD3pUEpMC5qub9TQAHMwUY0=,2UOkcV/9/pz3mlCCJlIlicta1HM=
4,-11,U1qgzD3pUEpMC5qub9TQAHMwUY0=,nhATK6LL1HsDXaaGsHUeKpvbWRU=
6,-10,U1qgzD3pUEpMC5qub9TQAHMwUY0=,2UOkcV/9/pz3mlCCJlIlicta1HM=
5,-11,U1qgzD3pUEpMC5qub9TQAHMwUY0=,nhATK6LL1HsDXaaGsHUeKpvbWRU=
5,-10,U1qgzD3pUEpMC5qub9TQAHMwUY0=,2UOkcV/9/pz3mlCCJlIlicta1HM=
2,-11,U1qgzD3pUEpMC5qub9TQAHMwUY0=,XHCDk8O2E50g2ez3K3OmQPor+18=
2,-10,U1qgzD3pUEpMC5qub9TQAHMwUY0=,izyzX2tuGJ/mOnxDXr4nm/whcus=
1,-11,U1qgzD3pUEpMC5qub9TQAHMwUY0=,izyzX2tuGJ/mOnxDXr4nm/whcus=
1,-10,U1qgzD3pUEpMC5qub9TQAHMwUY0=,BAFnLvZifanBZoUdgY1Qk7s5Ju4=
3,-8,U1qgzD3pUEpMC5qub9TQAHMwUY0=,2UOkcV/9/pz3mlCCJlIlicta1HM=
4,-8,U1qgzD3pUEpMC5qub9TQAHMwUY0=,2UOkcV/9/pz3mlCCJlIlicta1HM=
3,-9,U1qgzD3pUEpMC5qub9TQAHMwUY0=,izyzX2tuGJ/mOnxDXr4nm/whcus=
2,-8,U1qgzD3pUEpMC5qub9TQAHMwUY0=,2UOkcV/9/pz3mlCCJlIlicta1HM=
4,-9,U1qgzD3pUEpMC5qub9TQAHMwUY0=,2UOkcV/9/pz3mlCCJlIlicta1HM=
2,-9,U1qgzD3pUEpMC5qub9TQAHMwUY0=,izyzX2tuGJ/mOnxDXr4nm/whcus=
1,-9,U1qgzD3pUEpMC5qub9TQAHMwUY0=,BAFnLvZifanBZoUdgY1Qk7s5Ju4=
1,-8,U1qgzD3pUEpMC5qub9TQAHMwUY0=,izyzX2tuGJ/mOnxDXr4nm/whcus=
4,-7,U1qgzD3pUEpMC5qub9TQAHMwUY0=,2UOkcV/9/pz3mlCCJlIlicta1HM=
3,-6,U1qgzD3pUEpMC5qub9TQAHMwUY0=,Gc/UsgzpawoHgrZvhDbuu/2IgVI=
3,-7,U1qgzD3pUEpMC5qub9TQAHMwUY0=,2UOkcV/9/pz3mlCCJlIlicta1HM=
4,-6,U1qgzD3pUEpMC5qub9TQAHMwUY0=,0jZKte5SSn7Ymu08fVM8tLcgzvY=
2,-7,U1qgzD3pUEpMC5qub9TQAHMwUY0=,2UOkcV/9/pz3mlCCJlIlicta1HM=
1,-7,U1qgzD3pUEpMC5qub9TQAHMwUY0=,izyzX2tuGJ/mOnxDXr4nm/whcus=
1,-6,U1qgzD3pUEpMC5qub9TQAHMwUY0=,izyzX2tuGJ/mOnxDXr4nm/whcus=
2,-6,U1qgzD3pUEpMC5qub9TQAHMwUY0=,Gc/UsgzpawoHgrZvhDbuu/2IgVI=
6,-4,U1qgzD3pUEpMC5qub9TQAHMwUY0=,hJaqaJSQUnIxaRfMz3tUa2VhfyE=
3,-4,U1qgzD3pUEpMC5qub9TQAHMwUY0=,IgsZH7437Vw10xdN3NvOFNxKGO8=
5,-4,U1qgzD3pUEpMC5qub9TQAHMwUY0=,pUVqTIkJ5YbRRL2+g7cCwP+Hk8U=
6,-5,U1qgzD3pUEpMC5qub9TQAHMwUY0=,YCdak/1n5pSmYzF306/vDsV0zDg=
3,-5,o6Mlyv1SKJbe9C8rbWvuSHyNGwk=,Gc/UsgzpawoHgrZvhDbuu/2IgVI=
5,-5,o6Mlyv1SKJbe9C8rbWvuSHyNGwk=,0jZKte5SSn7Ymu08fVM8tLcgzvY=
4,-5,o6Mlyv1SKJbe9C8rbWvuSHyNGwk=,0jZKte5SSn7Ymu08fVM8tLcgzvY=
4,-4,o6Mlyv1SKJbe9C8rbWvuSHyNGwk=,pUVqTIkJ5YbRRL2+g7cCwP+Hk8U=
6,-3,o6Mlyv1SKJbe9C8rbWvuSHyNGwk=,hJaqaJSQUnIxaRfMz3tUa2VhfyE=
5,-3,o6Mlyv1SKJbe9C8rbWvuSHyNGwk=,pUVqTIkJ5YbRRL2+g7cCwP+Hk8U=
3,-3,o6Mlyv1SKJbe9C8rbWvuSHyNGwk=,IgsZH7437Vw10xdN3NvOFNxKGO8=
3,-2,o6Mlyv1SKJbe9C8rbWvuSHyNGwk=,JQAoyFhW+k4nCWFvEKnvXR4Wln4=
1,-2,o6Mlyv1SKJbe9C8rbWvuSHyNGwk=,ndip6W2TpztYQjZBb0QsifnbXGg=
2,-5,o6Mlyv1SKJbe9C8rbWvuSHyNGwk=,Gc/UsgzpawoHgrZvhDbuu/2IgVI=
4,-3,o6Mlyv1SKJbe9C8rbWvuSHyNGwk=,pUVqTIkJ5YbRRL2+g7cCwP+Hk8U=
2,-3,o6Mlyv1SKJbe9C8rbWvuSHyNGwk=,IgsZH7437Vw10xdN3NvOFNxKGO8=
5,-2,o6Mlyv1SKJbe9C8rbWvuSHyNGwk=,Na2aUN69jvFM0puaWAflSBD9Isg=
4,-2,o6Mlyv1SKJbe9C8rbWvuSHyNGwk=,Na2aUN69jvFM0puaWAflSBD9Isg=
5,-1,o6Mlyv1SKJbe9C8rbWvuSHyNGwk=,Na2aUN69jvFM0puaWAflSBD9Isg=
6,-1,o6Mlyv1SKJbe9C8rbWvuSHyNGwk=,rSngKwQ6ifFLvRVAwSZpxLVpNb4=
6,-2,o6Mlyv1SKJbe9C8rbWvuSHyNGwk=,rSngKwQ6ifFLvRVAwSZpxLVpNb4=
1,-3,o6Mlyv1SKJbe9C8rbWvuSHyNGwk=,3BsbY/vRLnYpu2GksWxEmIWbwg8=
3,-1,o6Mlyv1SKJbe9C8rbWvuSHyNGwk=,JQAoyFhW+k4nCWFvEKnvXR4Wln4=
1,-4,o6Mlyv1SKJbe9C8rbWvuSHyNGwk=,3BsbY/vRLnYpu2GksWxEmIWbwg8=
1,-5,o6Mlyv1SKJbe9C8rbWvuSHyNGwk=,izyzX2tuGJ/mOnxDXr4nm/whcus=
4,-1,o6Mlyv1SKJbe9C8rbWvuSHyNGwk=,Na2aUN69jvFM0puaWAflSBD9Isg=
2,-1,o6Mlyv1SKJbe9C8rbWvuSHyNGwk=,JQAoyFhW+k4nCWFvEKnvXR4Wln4=
2,-2,o6Mlyv1SKJbe9C8rbWvuSHyNGwk=,JQAoyFhW+k4nCWFvEKnvXR4Wln4=
1,-1,o6Mlyv1SKJbe9C8rbWvuSHyNGwk=,ndip6W2TpztYQjZBb0QsifnbXGg=
2,-4,o6Mlyv1SKJbe9C8rbWvuSHyNGwk=,IgsZH7437Vw10xdN3NvOFNxKGO8=
2,-13,o6Mlyv1SKJbe9C8rbWvuSHyNGwk=,XHCDk8O2E50g2ez3K3OmQPor+18=
1,-13,o6Mlyv1SKJbe9C8rbWvuSHyNGwk=,izyzX2tuGJ/mOnxDXr4nm/whcus=
2,-12,o6Mlyv1SKJbe9C8rbWvuSHyNGwk=,XHCDk8O2E50g2ez3K3OmQPor+18=
1,-12,o6Mlyv1SKJbe9C8rbWvuSHyNGwk=,izyzX2tuGJ/mOnxDXr4nm/whcus=
2,-15,o6Mlyv1SKJbe9C8rbWvuSHyNGwk=,XHCDk8O2E50g2ez3K3OmQPor+18=
2,-14,o6Mlyv1SKJbe9C8rbWvuSHyNGwk=,XHCDk8O2E50g2ez3K3OmQPor+18=
1,-15,o6Mlyv1SKJbe9C8rbWvuSHyNGwk=,izyzX2tuGJ/mOnxDXr4nm/whcus=
1,-14,o6Mlyv1SKJbe9C8rbWvuSHyNGwk=,izyzX2tuGJ/mOnxDXr4nm/whcus=
3,-15,o6Mlyv1SKJbe9C8rbWvuSHyNGwk=,XHCDk8O2E50g2ez3K3OmQPor+18=
3,-14,o6Mlyv1SKJbe9C8rbWvuSHyNGwk=,XHCDk8O2E50g2ez3K3OmQPor+18=
9,-15,o6Mlyv1SKJbe9C8rbWvuSHyNGwk=,zLylSyFThTW0yEUPxLyp5nH/81U=
10,-15,o6Mlyv1SKJbe9C8rbWvuSHyNGwk=,zLylSyFThTW0yEUPxLyp5nH/81U=
4,-16,o6Mlyv1SKJbe9C8rbWvuSHyNGwk=,nhATK6LL1HsDXaaGsHUeKpvbWRU=
3,-16,o6Mlyv1SKJbe9C8rbWvuSHyNGwk=,XHCDk8O2E50g2ez3K3OmQPor+18=
7,-16,o6Mlyv1SKJbe9C8rbWvuSHyNGwk=,nhATK6LL1HsDXaaGsHUeKpvbWRU=
6,-16,o6Mlyv1SKJbe9C8rbWvuSHyNGwk=,nhATK6LL1HsDXaaGsHUeKpvbWRU=
5,-16,o6Mlyv1SKJbe9C8rbWvuSHyNGwk=,nhATK6LL1HsDXaaGsHUeKpvbWRU=
8,-16,o6Mlyv1SKJbe9C8rbWvuSHyNGwk=,zLylSyFThTW0yEUPxLyp5nH/81U=
4,-15,o6Mlyv1SKJbe9C8rbWvuSHyNGwk=,nhATK6LL1HsDXaaGsHUeKpvbWRU=
2,-16,o6Mlyv1SKJbe9C8rbWvuSHyNGwk=,XHCDk8O2E50g2ez3K3OmQPor+18=
1,-16,o6Mlyv1SKJbe9C8rbWvuSHyNGwk=,izyzX2tuGJ/mOnxDXr4nm/whcus=
7,-15,o6Mlyv1SKJbe9C8rbWvuSHyNGwk=,nhATK6LL1HsDXaaGsHUeKpvbWRU=
0,-3,o6Mlyv1SKJbe9C8rbWvuSHyNGwk=,3BsbY/vRLnYpu2GksWxEmIWbwg8=
6,-15,o6Mlyv1SKJbe9C8rbWvuSHyNGwk=,nhATK6LL1HsDXaaGsHUeKpvbWRU=
0,-11,o6Mlyv1SKJbe9C8rbWvuSHyNGwk=,izyzX2tuGJ/mOnxDXr4nm/whcus=
8,-15,o6Mlyv1SKJbe9C8rbWvuSHyNGwk=,zLylSyFThTW0yEUPxLyp5nH/81U=
10,-14,o6Mlyv1SKJbe9C8rbWvuSHyNGwk=,zLylSyFThTW0yEUPxLyp5nH/81U=
0,-8,o6Mlyv1SKJbe9C8rbWvuSHyNGwk=,izyzX2tuGJ/mOnxDXr4nm/whcus=
4,-14,o6Mlyv1SKJbe9C8rbWvuSHyNGwk=,nhATK6LL1HsDXaaGsHUeKpvbWRU=
0,-10,o6Mlyv1SKJbe9C8rbWvuSHyNGwk=,BAFnLvZifanBZoUdgY1Qk7s5Ju4=
0,-7,o6Mlyv1SKJbe9C8rbWvuSHyNGwk=,izyzX2tuGJ/mOnxDXr4nm/whcus=
0,-2,o6Mlyv1SKJbe9C8rbWvuSHyNGwk=,ndip6W2TpztYQjZBb0QsifnbXGg=
0,-5,o6Mlyv1SKJbe9C8rbWvuSHyNGwk=,izyzX2tuGJ/mOnxDXr4nm/whcus=
0,-9,o6Mlyv1SKJbe9C8rbWvuSHyNGwk=,BAFnLvZifanBZoUdgY1Qk7s5Ju4=
0,-4,o6Mlyv1SKJbe9C8rbWvuSHyNGwk=,3BsbY/vRLnYpu2GksWxEmIWbwg8=
6,-14,o6Mlyv1SKJbe9C8rbWvuSHyNGwk=,nhATK6LL1HsDXaaGsHUeKpvbWRU=
9,-14,o6Mlyv1SKJbe9C8rbWvuSHyNGwk=,zLylSyFThTW0yEUPxLyp5nH/81U=
5,-14,o6Mlyv1SKJbe9C8rbWvuSHyNGwk=,nhATK6LL1HsDXaaGsHUeKpvbWRU=
0,-6,o6Mlyv1SKJbe9C8rbWvuSHyNGwk=,izyzX2tuGJ/mOnxDXr4nm/whcus=
8,-14,o6Mlyv1SKJbe9C8rbWvuSHyNGwk=,zLylSyFThTW0yEUPxLyp5nH/81U=
0,-16,o6Mlyv1SKJbe9C8rbWvuSHyNGwk=,izyzX2tuGJ/mOnxDXr4nm/whcus=
5,-15,o6Mlyv1SKJbe9C8rbWvuSHyNGwk=,nhATK6LL1HsDXaaGsHUeKpvbWRU=
0,-13,o6Mlyv1SKJbe9C8rbWvuSHyNGwk=,izyzX2tuGJ/mOnxDXr4nm/whcus=
0,-15,o6Mlyv1SKJbe9C8rbWvuSHyNGwk=,izyzX2tuGJ/mOnxDXr4nm/whcus=
0,-14,o6Mlyv1SKJbe9C8rbWvuSHyNGwk=,izyzX2tuGJ/mOnxDXr4nm/whcus=
0,-12,o6Mlyv1SKJbe9C8rbWvuSHyNGwk=,izyzX2tuGJ/mOnxDXr4nm/whcus=
7,-14,o6Mlyv1SKJbe9C8rbWvuSHyNGwk=,nhATK6LL1HsDXaaGsHUeKpvbWRU=
8,-1,o6Mlyv1SKJbe9C8rbWvuSHyNGwk=,WxE8Ln7csV7bpR0TgB+fabnAK54=
7,-1,o6Mlyv1SKJbe9C8rbWvuSHyNGwk=,rSngKwQ6ifFLvRVAwSZpxLVpNb4=
9,-3,o6Mlyv1SKJbe9C8rbWvuSHyNGwk=,2UOkcV/9/pz3mlCCJlIlicta1HM=
9,-2,o6Mlyv1SKJbe9C8rbWvuSHyNGwk=,WxE8Ln7csV7bpR0TgB+fabnAK54=
10,-2,o6Mlyv1SKJbe9C8rbWvuSHyNGwk=,tdBxQYb9DG7r9MBTxp9lPBgRiS8=
10,-3,o6Mlyv1SKJbe9C8rbWvuSHyNGwk=,FBJBw0xOnglQ+4yTgv4ydSl1f3w=
12,-3,L2+Y1TcqDSv9a+/ZpLzjbHWLE/4=,xducjuCphQ0gmhFu30gCPCgRNaU=
11,-3,L2+Y1TcqDSv9a+/ZpLzjbHWLE/4=,FBJBw0xOnglQ+4yTgv4ydSl1f3w=
13,-2,L2+Y1TcqDSv9a+/ZpLzjbHWLE/4=,tdBxQYb9DG7r9MBTxp9lPBgRiS8=
13,-3,L2+Y1TcqDSv9a+/ZpLzjbHWLE/4=,xducjuCphQ0gmhFu30gCPCgRNaU=
14,-2,L2+Y1TcqDSv9a+/ZpLzjbHWLE/4=,2UOkcV/9/pz3mlCCJlIlicta1HM=
14,-3,L2+Y1TcqDSv9a+/ZpLzjbHWLE/4=,27Ysfi4UYJ2ui2YRzVZdM/SMbBU=
14,-4,L2+Y1TcqDSv9a+/ZpLzjbHWLE/4=,27Ysfi4UYJ2ui2YRzVZdM/SMbBU=
12,-4,L2+Y1TcqDSv9a+/ZpLzjbHWLE/4=,xducjuCphQ0gmhFu30gCPCgRNaU=
14,-5,L2+Y1TcqDSv9a+/ZpLzjbHWLE/4=,Iiu9ftypUVQAfLRaATAE4iTPDNQ=
11,-5,L2+Y1TcqDSv9a+/ZpLzjbHWLE/4=,Xy+lAaBk39SVTDmmV+dyEx/7T+s=
11,-4,L2+Y1TcqDSv9a+/ZpLzjbHWLE/4=,FBJBw0xOnglQ+4yTgv4ydSl1f3w=
11,-2,L2+Y1TcqDSv9a+/ZpLzjbHWLE/4=,tdBxQYb9DG7r9MBTxp9lPBgRiS8=
13,-5,L2+Y1TcqDSv9a+/ZpLzjbHWLE/4=,s6bpEZ/EU62kQoJvuLALe9ca2do=
12,-2,L2+Y1TcqDSv9a+/ZpLzjbHWLE/4=,tdBxQYb9DG7r9MBTxp9lPBgRiS8=
13,-4,L2+Y1TcqDSv9a+/ZpLzjbHWLE/4=,xducjuCphQ0gmhFu30gCPCgRNaU=
12,-5,L2+Y1TcqDSv9a+/ZpLzjbHWLE/4=,s6bpEZ/EU62kQoJvuLALe9ca2do=
11,-9,L2+Y1TcqDSv9a+/ZpLzjbHWLE/4=,zLylSyFThTW0yEUPxLyp5nH/81U=
11,-6,L2+Y1TcqDSv9a+/ZpLzjbHWLE/4=,Xy+lAaBk39SVTDmmV+dyEx/7T+s=
13,-6,L2+Y1TcqDSv9a+/ZpLzjbHWLE/4=,s6bpEZ/EU62kQoJvuLALe9ca2do=
13,-13,L2+Y1TcqDSv9a+/ZpLzjbHWLE/4=,zLylSyFThTW0yEUPxLyp5nH/81U=
14,-13,L2+Y1TcqDSv9a+/ZpLzjbHWLE/4=,pGF1xnvaZXH0xFzeKKX4wzIJURY=
12,-9,L2+Y1TcqDSv9a+/ZpLzjbHWLE/4=,zLylSyFThTW0yEUPxLyp5nH/81U=
14,-15,L2+Y1TcqDSv9a+/ZpLzjbHWLE/4=,pGF1xnvaZXH0xFzeKKX4wzIJURY=
14,-14,L2+Y1TcqDSv9a+/ZpLzjbHWLE/4=,pGF1xnvaZXH0xFzeKKX4wzIJURY=
13,-14,L2+Y1TcqDSv9a+/ZpLzjbHWLE/4=,zLylSyFThTW0yEUPxLyp5nH/81U=
12,-7,L2+Y1TcqDSv9a+/ZpLzjbHWLE/4=,s6bpEZ/EU62kQoJvuLALe9ca2do=
11,-14,L2+Y1TcqDSv9a+/ZpLzjbHWLE/4=,zLylSyFThTW0yEUPxLyp5nH/81U=
12,-14,L2+Y1TcqDSv9a+/ZpLzjbHWLE/4=,zLylSyFThTW0yEUPxLyp5nH/81U=
11,-15,L2+Y1TcqDSv9a+/ZpLzjbHWLE/4=,zLylSyFThTW0yEUPxLyp5nH/81U=
14,-12,L2+Y1TcqDSv9a+/ZpLzjbHWLE/4=,pGF1xnvaZXH0xFzeKKX4wzIJURY=
12,-8,L2+Y1TcqDSv9a+/ZpLzjbHWLE/4=,s6bpEZ/EU62kQoJvuLALe9ca2do=
13,-12,L2+Y1TcqDSv9a+/ZpLzjbHWLE/4=,zLylSyFThTW0yEUPxLyp5nH/81U=
14,-9,L2+Y1TcqDSv9a+/ZpLzjbHWLE/4=,pGF1xnvaZXH0xFzeKKX4wzIJURY=
14,-6,L2+Y1TcqDSv9a+/ZpLzjbHWLE/4=,Iiu9ftypUVQAfLRaATAE4iTPDNQ=
14,-8,L2+Y1TcqDSv9a+/ZpLzjbHWLE/4=,hpDqTKI9+uV0zS39iE6JBrESkVc=
11,-8,L2+Y1TcqDSv9a+/ZpLzjbHWLE/4=,2UOkcV/9/pz3mlCCJlIlicta1HM=
14,-10,L2+Y1TcqDSv9a+/ZpLzjbHWLE/4=,pGF1xnvaZXH0xFzeKKX4wzIJURY=
14,-7,L2+Y1TcqDSv9a+/ZpLzjbHWLE/4=,hpDqTKI9+uV0zS39iE6JBrESkVc=
13,-7,L2+Y1TcqDSv9a+/ZpLzjbHWLE/4=,s6bpEZ/EU62kQoJvuLALe9ca2do=
11,-7,L2+Y1TcqDSv9a+/ZpLzjbHWLE/4=,2UOkcV/9/pz3mlCCJlIlicta1HM=
14,-11,L2+Y1TcqDSv9a+/ZpLzjbHWLE/4=,pGF1xnvaZXH0xFzeKKX4wzIJURY=
12,-6,L2+Y1TcqDSv9a+/ZpLzjbHWLE/4=,s6bpEZ/EU62kQoJvuLALe9ca2do=
13,-8,L2+Y1TcqDSv9a+/ZpLzjbHWLE/4=,s6bpEZ/EU62kQoJvuLALe9ca2do=
13,-10,L2+Y1TcqDSv9a+/ZpLzjbHWLE/4=,zLylSyFThTW0yEUPxLyp5nH/81U=
13,-9,L2+Y1TcqDSv9a+/ZpLzjbHWLE/4=,zLylSyFThTW0yEUPxLyp5nH/81U=
13,-11,L2+Y1TcqDSv9a+/ZpLzjbHWLE/4=,zLylSyFThTW0yEUPxLyp5nH/81U=
15,-13,L2+Y1TcqDSv9a+/ZpLzjbHWLE/4=,pGF1xnvaZXH0xFzeKKX4wzIJURY=
15,-12,L2+Y1TcqDSv9a+/ZpLzjbHWLE/4=,pGF1xnvaZXH0xFzeKKX4wzIJURY=
15,-14,L2+Y1TcqDSv9a+/ZpLzjbHWLE/4=,pGF1xnvaZXH0xFzeKKX4wzIJURY=
15,-11,L2+Y1TcqDSv9a+/ZpLzjbHWLE/4=,pGF1xnvaZXH0xFzeKKX4wzIJURY=
15,-15,L2+Y1TcqDSv9a+/ZpLzjbHWLE/4=,pGF1xnvaZXH0xFzeKKX4wzIJURY=
15,-10,L2+Y1TcqDSv9a+/ZpLzjbHWLE/4=,pGF1xnvaZXH0xFzeKKX4wzIJURY=
15,-9,L2+Y1TcqDSv9a+/ZpLzjbHWLE/4=,pGF1xnvaZXH0xFzeKKX4wzIJURY=
15,-7,L2+Y1TcqDSv9a+/ZpLzjbHWLE/4=,hpDqTKI9+uV0zS39iE6JBrESkVc=
15,-5,L2+Y1TcqDSv9a+/ZpLzjbHWLE/4=,Iiu9ftypUVQAfLRaATAE4iTPDNQ=
15,-6,L2+Y1TcqDSv9a+/ZpLzjbHWLE/4=,Iiu9ftypUVQAfLRaATAE4iTPDNQ=
15,-8,L2+Y1TcqDSv9a+/ZpLzjbHWLE/4=,hpDqTKI9+uV0zS39iE6JBrESkVc=
15,-4,L2+Y1TcqDSv9a+/ZpLzjbHWLE/4=,27Ysfi4UYJ2ui2YRzVZdM/SMbBU=
15,-3,L2+Y1TcqDSv9a+/ZpLzjbHWLE/4=,27Ysfi4UYJ2ui2YRzVZdM/SMbBU=
15,-2,L2+Y1TcqDSv9a+/ZpLzjbHWLE/4=,2UOkcV/9/pz3mlCCJlIlicta1HM=
10,-16,L2+Y1TcqDSv9a+/ZpLzjbHWLE/4=,zLylSyFThTW0yEUPxLyp5nH/81U=
9,-16,L2+Y1TcqDSv9a+/ZpLzjbHWLE/4=,zLylSyFThTW0yEUPxLyp5nH/81U=
11,-16,L2+Y1TcqDSv9a+/ZpLzjbHWLE/4=,zLylSyFThTW0yEUPxLyp5nH/81U=
14,-1,L2+Y1TcqDSv9a+/ZpLzjbHWLE/4=,2UOkcV/9/pz3mlCCJlIlicta1HM=
15,-1,L2+Y1TcqDSv9a+/ZpLzjbHWLE/4=,2UOkcV/9/pz3mlCCJlIlicta1HM=
9,-1,L2+Y1TcqDSv9a+/ZpLzjbHWLE/4=,WxE8Ln7csV7bpR0TgB+fabnAK54=
11,-1,L2+Y1TcqDSv9a+/ZpLzjbHWLE/4=,tdBxQYb9DG7r9MBTxp9lPBgRiS8=
13,-1,L2+Y1TcqDSv9a+/ZpLzjbHWLE/4=,tdBxQYb9DG7r9MBTxp9lPBgRiS8=
12,-1,L2+Y1TcqDSv9a+/ZpLzjbHWLE/4=,tdBxQYb9DG7r9MBTxp9lPBgRiS8=
10,-1,L2+Y1TcqDSv9a+/ZpLzjbHWLE/4=,tdBxQYb9DG7r9MBTxp9lPBgRiS8=
7,-11,cldswkWm179gRZrZcetFMCWe0LU=,2UOkcV/9/pz3mlCCJlIlicta1HM=
14,-16,cldswkWm179gRZrZcetFMCWe0LU=,pGF1xnvaZXH0xFzeKKX4wzIJURY=
8,-11,cldswkWm179gRZrZcetFMCWe0LU=,4dj+kJgvIVOXQGrnTcLtI+m3qtE=
5,-8,cldswkWm179gRZrZcetFMCWe0LU=,2UOkcV/9/pz3mlCCJlIlicta1HM=
0,-1,cldswkWm179gRZrZcetFMCWe0LU=,ndip6W2TpztYQjZBb0QsifnbXGg=
5,-7,cldswkWm179gRZrZcetFMCWe0LU=,2UOkcV/9/pz3mlCCJlIlicta1HM=
15,-16,cldswkWm179gRZrZcetFMCWe0LU=,pGF1xnvaZXH0xFzeKKX4wzIJURY=
8,-10,cldswkWm179gRZrZcetFMCWe0LU=,2UOkcV/9/pz3mlCCJlIlicta1HM=
7,-10,cldswkWm179gRZrZcetFMCWe0LU=,2UOkcV/9/pz3mlCCJlIlicta1HM=
9,-11,cldswkWm179gRZrZcetFMCWe0LU=,4dj+kJgvIVOXQGrnTcLtI+m3qtE=
9,-10,cldswkWm179gRZrZcetFMCWe0LU=,2UOkcV/9/pz3mlCCJlIlicta1HM=
10,-8,cldswkWm179gRZrZcetFMCWe0LU=,2UOkcV/9/pz3mlCCJlIlicta1HM=
9,-6,cldswkWm179gRZrZcetFMCWe0LU=,YCdak/1n5pSmYzF306/vDsV0zDg=
7,-6,cldswkWm179gRZrZcetFMCWe0LU=,YCdak/1n5pSmYzF306/vDsV0zDg=
10,-10,cldswkWm179gRZrZcetFMCWe0LU=,zLylSyFThTW0yEUPxLyp5nH/81U=
10,-9,cldswkWm179gRZrZcetFMCWe0LU=,zLylSyFThTW0yEUPxLyp5nH/81U=
8,-6,cldswkWm179gRZrZcetFMCWe0LU=,YCdak/1n5pSmYzF306/vDsV0zDg=
6,-7,cldswkWm179gRZrZcetFMCWe0LU=,2UOkcV/9/pz3mlCCJlIlicta1HM=
9,-7,cldswkWm179gRZrZcetFMCWe0LU=,2UOkcV/9/pz3mlCCJlIlicta1HM=
10,-7,cldswkWm179gRZrZcetFMCWe0LU=,2UOkcV/9/pz3mlCCJlIlicta1HM=
10,-6,cldswkWm179gRZrZcetFMCWe0LU=,Xy+lAaBk39SVTDmmV+dyEx/7T+s=
10,-11,cldswkWm179gRZrZcetFMCWe0LU=,zLylSyFThTW0yEUPxLyp5nH/81U=
6,-8,cldswkWm179gRZrZcetFMCWe0LU=,2UOkcV/9/pz3mlCCJlIlicta1HM=
5,-6,cldswkWm179gRZrZcetFMCWe0LU=,0jZKte5SSn7Ymu08fVM8tLcgzvY=
6,-6,cldswkWm179gRZrZcetFMCWe0LU=,YCdak/1n5pSmYzF306/vDsV0zDg=
9,-9,cldswkWm179gRZrZcetFMCWe0LU=,2UOkcV/9/pz3mlCCJlIlicta1HM=
5,-9,cldswkWm179gRZrZcetFMCWe0LU=,2UOkcV/9/pz3mlCCJlIlicta1HM=
9,-8,cldswkWm179gRZrZcetFMCWe0LU=,2UOkcV/9/pz3mlCCJlIlicta1HM=
7,-9,cldswkWm179gRZrZcetFMCWe0LU=,2UOkcV/9/pz3mlCCJlIlicta1HM=
7,-8,cldswkWm179gRZrZcetFMCWe0LU=,2UOkcV/9/pz3mlCCJlIlicta1HM=
8,-7,cldswkWm179gRZrZcetFMCWe0LU=,2UOkcV/9/pz3mlCCJlIlicta1HM=
6,-9,cldswkWm179gRZrZcetFMCWe0LU=,2UOkcV/9/pz3mlCCJlIlicta1HM=
8,-9,cldswkWm179gRZrZcetFMCWe0LU=,2UOkcV/9/pz3mlCCJlIlicta1HM=
8,-8,cldswkWm179gRZrZcetFMCWe0LU=,2UOkcV/9/pz3mlCCJlIlicta1HM=
7,-7,cldswkWm179gRZrZcetFMCWe0LU=,2UOkcV/9/pz3mlCCJlIlicta1HM=
